Rk,Player,Tm,Age,Pos,G,GS,Tgt,Rec,Ctch%,Yds,Y/R,TD,1D,Succ%,Lng,Y/Tgt,R/G,Y/G,Fmb,Player-additional
1,Keenan Allen,LAC,31,WR,9,9,97,73,75.3%,895,12.3,6,41,59.8,42,9.2,8.1,99.4,1,AlleKe00
2,Stefon Diggs,BUF,30,WR,10,10,102,73,71.6%,868,11.9,7,43,57.8,55,8.5,7.3,86.8,1,DiggSt00
3,Ja'Marr Chase,CIN,23,WR,10,10,106,71,67.0%,833,11.7,6,47,58.5,64,7.9,7.1,83.3,1,ChasJa00
4,T.J. Hockenson,MIN,26,TE,10,7,95,71,74.7%,681,9.6,4,38,53.7,29,7.2,7.1,68.1,1,HockTJ00
5,Tyreek Hill,MIA,29,WR,9,9,97,69,71.1%,1076,15.6,8,50,60.8,69,11.1,7.7,119.6,1,HillTy00
6,CeeDee Lamb,DAL,24,WR,9,9,86,68,79.1%,975,14.3,4,42,65.1,49,11.3,7.6,108.3,2,LambCe00
7,Adam Thielen,CAR,33,WR,9,9,86,68,79.1%,652,9.6,4,38,59.3,31,7.6,7.6,72.4,0,ThieAd00
8,A.J. Brown,PHI,26,WR,9,9,92,67,72.8%,1005,15.0,6,46,57.6,59,10.9,7.4,111.7,0,BrowAJ00
9,Michael Pittman Jr.,IND,26,WR,10,10,98,66,67.3%,677,10.3,3,28,46.9,75,6.9,6.6,67.7,1,PittMi01
10,Amon-Ra St. Brown,DET,24,WR,8,8,87,65,74.7%,821,12.6,4,38,64.4,46,9.4,8.1,102.6,1,StxxAm00
11,Puka Nacua,LAR,22,WR,9,9,96,64,66.7%,827,12.9,2,41,57.3,37,8.6,7.1,91.9,1,NacuPu00
12,Davante Adams,LVR,31,WR,10,10,98,57,58.2%,659,11.6,3,37,53.1,42,6.7,5.7,65.9,0,AdamDa01
13,Travis Kelce,KAN,34,TE,8,8,72,57,79.2%,597,10.5,4,31,63.9,53,8.3,7.1,74.6,0,KelcTr00
14,Chris Olave,NOR,23,WR,10,8,94,56,59.6%,657,11.7,3,34,51.1,45,7.0,5.6,65.7,0,OlavCh00
15,Evan Engram,JAX,29,TE,9,8,68,55,80.9%,446,8.1,0,19,51.5,34,6.6,6.1,49.6,2,EngrEv00
16,Garrett Wilson,NYJ,23,WR,9,9,95,55,57.9%,642,11.7,2,27,45.3,68,6.8,6.1,71.3,1,WilsGa00
17,Zay Flowers,BAL,23,WR,11,11,72,53,73.6%,588,11.1,1,26,58.3,52,8.2,4.8,53.5,0,FlowZa00
18,D.J. Moore,CHI,26,WR,10,10,71,52,73.2%,793,15.3,5,36,62.0,58,11.2,5.2,79.3,1,MoorD.00
19,Terry McLaurin,WAS,28,WR,10,10,79,51,64.6%,601,11.8,2,29,49.4,36,7.6,5.1,60.1,0,McLaTe00
20,Alvin Kamara,NOR,28,RB,7,7,56,50,89.3%,305,6.1,1,15,44.6,25,5.4,7.1,43.6,0,KamaAl00
21,Christian Kirk,JAX,27,WR,9,9,71,49,69.0%,624,12.7,3,27,57.7,45,8.8,5.4,69.3,2,KirkCh01
22,Tyler Boyd,CIN,29,WR,10,10,67,47,70.1%,439,9.3,2,19,46.3,64,6.6,4.7,43.9,0,BoydTy00
23,Sam LaPorta,DET,22,TE,9,7,64,47,73.4%,474,10.1,4,24,54.7,45,7.4,5.2,52.7,0,LaPoSa01
24,Cole Kmet,CHI,24,TE,10,10,57,46,80.7%,419,9.1,5,24,66.7,23,7.4,4.6,41.9,1,KmetCo00
25,Tyler Lockett,SEA,31,WR,9,9,67,46,68.7%,494,10.7,4,26,64.2,36,7.4,5.1,54.9,0,LockTy00
26,Jordan Addison,MIN,21,WR,10,7,66,45,68.2%,603,13.4,7,25,51.5,62,9.1,4.5,60.3,0,AddiJo00
27,Mark Andrews,BAL,28,TE,10,9,61,45,73.8%,544,12.1,6,27,62.3,38,8.9,4.5,54.4,1,AndrMa00
28,Dalton Kincaid,BUF,24,TE,9,7,51,45,88.2%,390,8.7,2,17,70.6,22,7.6,5.0,43.3,1,KincDa00
29,Chris Godwin,TAM,27,WR,9,9,68,44,64.7%,522,11.9,1,28,48.5,42,7.7,4.9,58.0,0,GodwCh00
30,Marquise Brown,ARI,26,WR,10,10,81,43,53.1%,468,10.9,4,28,44.4,41,5.8,4.3,46.8,0,BrowMa04
31,Josh Downs,IND,22,WR,10,6,60,43,71.7%,523,12.2,2,22,56.7,59,8.7,4.3,52.3,0,DownJo00
32,Mike Evans,TAM,30,WR,9,9,70,43,61.4%,737,17.1,6,28,55.7,70,10.5,4.8,81.9,0,EvanMi00
33,Jakobi Meyers,LVR,27,WR,9,9,64,42,65.6%,463,11.0,5,27,54.7,25,7.2,4.7,51.4,0,MeyeJa01
34,DeVonta Smith,PHI,25,WR,9,9,60,42,70.0%,533,12.7,4,20,46.7,63,8.9,4.7,59.2,0,SmitDe07
35,Amari Cooper,CLE,29,WR,9,9,72,41,56.9%,715,17.4,2,29,51.4,59,9.9,4.6,79.4,1,CoopAm00
36,Courtland Sutton,DEN,28,WR,9,8,57,41,71.9%,433,10.6,7,23,56.1,33,7.6,4.6,48.1,3,SuttCo00
37,Drake London,ATL,22,WR,9,9,61,40,65.6%,474,11.9,2,27,54.1,32,7.8,4.4,52.7,0,LondDr00
38,Jaylen Waddle,MIA,25,WR,8,8,59,40,67.8%,522,13.1,3,27,55.9,35,8.8,5.0,65.3,0,WaddJa00
39,Michael Thomas,NOR,30,WR,10,7,64,39,60.9%,448,11.5,1,21,54.7,31,7.0,3.9,44.8,0,ThomMi05
40,Brandon Aiyuk,SFO,25,WR,8,8,55,38,69.1%,675,17.8,3,33,67.3,42,12.3,4.8,84.4,0,AiyuBr00
41,Dallas Goedert,PHI,28,TE,9,9,52,38,73.1%,410,10.8,2,23,61.5,49,7.9,4.2,45.6,0,GoedDa00
42,DeAndre Hopkins,TEN,31,WR,9,9,73,38,52.1%,591,15.6,3,28,45.2,61,8.1,4.2,65.7,0,HopkDe00
43,Christian McCaffrey,SFO,27,RB,9,9,47,38,80.9%,339,8.9,4,20,63.8,35,7.2,4.2,37.7,3,McCaCh01
44,David Njoku,CLE,27,TE,9,9,54,38,70.4%,377,9.9,2,15,46.3,41,7.0,4.2,41.9,1,NjokDa00
45,Logan Thomas,WAS,32,TE,9,9,50,38,76.0%,351,9.2,3,18,60.0,27,7.0,4.2,39.0,1,ThomLo00
46,Kendrick Bourne,NWE,28,WR,8,5,55,37,67.3%,406,11.0,4,15,49.1,36,7.4,4.6,50.8,1,BourKe00
47,Curtis Samuel,WAS,27,WR,9,6,49,37,75.5%,338,9.1,2,15,49.0,37,6.9,4.1,37.6,0,SamuCu00
48,Dalton Schultz,HOU,27,TE,9,4,56,37,66.1%,421,11.4,4,22,51.8,31,7.5,4.1,46.8,1,SchuDa00
49,Nico Collins,HOU,24,WR,8,5,53,36,67.9%,631,17.5,4,28,60.4,52,11.9,4.5,78.9,0,CollNi00
50,Jake Ferguson,DAL,24,TE,9,8,50,36,72.0%,354,9.8,4,19,56.0,40,7.1,4.0,39.3,0,FergJa00
51,Justin Jefferson,MIN,24,WR,5,5,53,36,67.9%,571,15.9,3,28,64.2,52,10.8,7.2,114.2,1,JeffJu00
52,Trey McBride,ARI,24,TE,10,5,49,36,73.5%,418,11.6,1,21,61.2,33,8.5,3.6,41.8,0,McBrTr01
53,Darren Waller,NYG,31,TE,8,8,51,36,70.6%,384,10.7,1,18,58.8,27,7.5,4.5,48.0,0,WallDa01
54,George Kittle,SFO,30,TE,9,9,47,35,74.5%,559,16.0,4,23,63.8,66,11.9,3.9,62.1,0,KittGe00
55,D.K. Metcalf,SEA,26,WR,8,8,62,35,56.5%,552,15.8,2,28,54.8,50,8.9,4.4,69.0,0,MetcDK00
56,Kyle Pitts,ATL,23,TE,10,8,58,35,60.3%,419,12.0,1,20,50.0,39,7.2,3.5,41.9,0,PittKy00
57,Calvin Ridley,JAX,29,WR,9,9,61,35,57.4%,471,13.5,2,19,50.8,32,7.7,3.9,52.3,1,RidlCa00
58,Jonnu Smith,ATL,28,TE,10,2,45,35,77.8%,423,12.1,2,19,60.0,60,9.4,3.5,42.3,1,SmitJo01
59,Rachaad White,TAM,24,RB,9,9,37,35,94.6%,326,9.3,1,13,59.5,43,8.8,3.9,36.2,1,WhitRa01
60,Tank Dell,HOU,24,WR,8,6,57,34,59.6%,510,15.0,5,23,50.9,68,8.9,4.3,63.8,1,DellNa00
61,Jahan Dotson,WAS,23,WR,10,10,59,34,57.6%,360,10.6,3,16,44.1,33,6.1,3.4,36.0,0,DotsJa00
62,Elijah Moore,CLE,23,WR,9,5,57,34,59.6%,314,9.2,1,15,40.4,33,5.5,3.8,34.9,1,MoorEl00
63,Tyler Conklin,NYJ,28,TE,9,5,42,33,78.6%,363,11.0,0,12,45.2,37,8.6,3.7,40.3,0,ConkTy00
64,Gabriel Davis,BUF,24,WR,10,10,55,33,60.0%,490,14.8,5,23,56.4,40,8.9,3.3,49.0,1,DaviGa01
65,Romeo Doubs,GNB,23,WR,9,8,59,33,55.9%,343,10.4,6,23,42.4,30,5.8,3.7,38.1,0,DoubRo00
66,George Pickens,PIT,22,WR,9,9,62,33,53.2%,566,17.2,3,23,45.2,71,9.1,3.7,62.9,1,PickGe00
67,Jaxon Smith-Njigba,SEA,21,WR,9,2,48,33,68.8%,325,9.8,2,14,45.8,35,6.8,3.7,36.1,0,SmitJa06
68,Tutu Atwell,LAR,24,WR,9,9,54,32,59.3%,374,11.7,3,20,46.3,44,6.9,3.6,41.6,0,AtweTu00
69,K.J. Osborn,MIN,26,WR,9,8,49,32,65.3%,377,11.8,2,18,44.9,36,7.7,3.6,41.9,0,OsboKJ00
70,Rashee Rice,KAN,23,WR,9,3,41,32,78.0%,378,11.8,4,19,58.5,39,9.2,3.6,42.0,0,RiceRa01
71,Rhamondre Stevenson,NWE,25,RB,10,10,45,32,71.1%,229,7.2,0,8,35.6,34,5.1,3.2,22.9,0,StevRh00
72,Jahmyr Gibbs,DET,21,RB,7,3,38,31,81.6%,200,6.5,0,13,52.6,24,5.3,4.4,28.6,0,GibbJa01
73,Joe Mixon,CIN,27,RB,10,10,38,31,81.6%,188,6.1,1,6,52.6,32,4.9,3.1,18.8,0,MixoJo00
74,Rashid Shaheed,NOR,25,WR,10,4,50,31,62.0%,525,16.9,3,19,46.0,58,10.5,3.1,52.5,1,ShahRa00
75,Jaylen Warren,PIT,25,RB,9,0,39,31,79.5%,218,7.0,0,9,48.7,30,5.6,3.4,24.2,1,WarrJa01
76,Demario Douglas,NWE,23,WR,9,4,46,30,65.2%,361,12.0,0,15,52.2,42,7.8,3.3,40.1,1,DougDe00
77,Antonio Gibson,WAS,25,RB,10,0,35,30,85.7%,269,9.0,2,14,48.6,41,7.7,3.0,26.9,3,GibsAn00
78,Hunter Henry,NWE,29,TE,10,7,45,30,66.7%,298,9.9,3,20,62.2,21,6.6,3.0,29.8,1,HenrHu00
79,Josh Jacobs,LVR,25,RB,10,10,45,30,66.7%,253,8.4,0,13,55.6,21,5.6,3.0,25.3,3,JacoJo01
80,Jerry Jeudy,DEN,24,WR,8,6,43,30,69.8%,371,12.4,1,18,46.5,46,8.6,3.8,46.4,1,JeudJe00
81,Cade Otton,TAM,24,TE,9,9,41,30,73.2%,254,8.5,3,14,46.3,24,6.2,3.3,28.2,1,OttoCa00
82,D'Andre Swift,PHI,24,RB,9,8,35,30,85.7%,166,5.5,1,6,48.6,20,4.7,3.3,18.4,3,SwifDA00
83,Travis Etienne,JAX,24,RB,9,9,39,29,74.4%,275,9.5,1,12,51.3,56,7.1,3.2,30.6,0,EtieTr00
84,Luke Musgrave,GNB,23,TE,9,8,39,29,74.4%,313,10.8,1,12,48.7,37,8.0,3.2,34.8,0,MusgLu00
85,Tony Pollard,DAL,26,RB,9,9,35,29,82.9%,190,6.6,0,6,42.9,60,5.4,3.2,21.1,2,PollTo00
86,Bijan Robinson,ATL,21,RB,10,9,43,29,67.4%,208,7.2,2,12,39.5,29,4.8,2.9,20.8,2,RobiBi01
87,Wan'Dale Robinson,NYG,22,WR,8,2,36,29,80.6%,204,7.0,1,13,52.8,22,5.7,3.6,25.5,0,RobiWa01
88,Jayden Reed,GNB,23,WR,9,7,45,28,62.2%,417,14.9,4,17,51.1,46,9.3,3.1,46.3,2,ReedJa03
89,Michael Wilson,ARI,23,WR,9,8,39,28,71.8%,435,15.5,2,21,59.0,69,11.2,3.1,48.3,0,WilsMi02
90,Zach Ertz,ARI,33,TE,7,7,43,27,62.8%,187,6.9,1,8,41.9,17,4.3,3.9,26.7,0,ErtzZa00
91,Tee Higgins,CIN,24,WR,7,6,51,27,52.9%,328,12.1,2,19,51.0,33,6.4,3.9,46.9,0,HiggTe00
92,Chigoziem Okonkwo,TEN,24,TE,9,7,41,27,65.9%,200,7.4,0,9,36.6,20,4.9,3.0,22.2,0,OkonCh00
93,Brandin Cooks,DAL,30,WR,8,7,39,26,66.7%,338,13.0,3,19,61.5,37,8.7,3.3,42.3,1,CookBr00
94,Breece Hall,NYJ,22,RB,9,9,34,26,76.5%,246,9.5,1,9,44.1,50,7.2,2.9,27.3,2,HallBr03
95,Tyler Higbee,LAR,30,TE,9,9,43,26,60.5%,286,11.0,0,14,48.8,33,6.7,2.9,31.8,0,HigbTy00
96,Darius Slayton,NYG,26,WR,10,7,45,26,57.8%,337,13.0,0,16,42.2,34,7.5,2.6,33.7,0,SlayDa01
97,Tyjae Spears,TEN,22,RB,9,0,35,26,74.3%,166,6.4,0,7,25.7,48,4.7,2.9,18.4,0,SpeaTy00
98,Rondale Moore,ARI,23,WR,10,4,41,25,61.0%,171,6.8,0,10,36.6,31,4.2,2.5,17.1,0,MoorRo02
99,Samaje Perine,DEN,28,RB,9,1,29,25,86.2%,266,10.6,0,13,75.9,29,9.2,2.8,29.6,2,PeriSa00
100,Odell Beckham Jr.,BAL,31,WR,9,4,42,24,57.1%,374,15.6,2,17,50.0,51,8.9,2.7,41.6,1,BeckOd00
101,James Cook,BUF,24,RB,10,7,28,24,85.7%,222,9.3,1,8,57.1,48,7.9,2.4,22.2,2,CookJa01
102,Michael Gallup,DAL,27,WR,9,8,40,24,60.0%,313,13.0,1,13,50.0,41,7.8,2.7,34.8,0,GallMi00
103,Diontae Johnson,PIT,27,WR,5,5,39,24,61.5%,319,13.3,1,17,59.0,39,8.2,4.8,63.8,0,JohnDi01
104,Alexander Mattison,MIN,25,RB,10,10,36,24,66.7%,164,6.8,3,5,36.1,47,4.6,2.4,16.4,1,MattAl01
105,Isiah Pacheco,KAN,24,RB,9,8,28,24,85.7%,160,6.7,1,6,50.0,33,5.7,2.7,17.8,0,PachIs00
106,Josh Reynolds,DET,28,WR,9,7,35,24,68.6%,412,17.2,3,21,65.7,33,11.8,2.7,45.8,1,ReynJo00
107,Deebo Samuel,SFO,27,WR,7,7,36,24,66.7%,332,13.8,1,12,55.6,42,9.2,3.4,47.4,1,SamuDe00
108,Saquon Barkley,NYG,26,RB,7,7,32,23,71.9%,105,4.6,2,9,37.5,32,3.3,3.3,15.0,1,BarkSa00
109,Cooper Kupp,LAR,30,WR,5,5,45,23,51.1%,364,15.8,1,14,42.2,49,8.1,4.6,72.8,0,KuppCo00
110,Jonathan Mingo,CAR,22,WR,8,8,45,23,51.1%,220,9.6,0,10,35.6,40,4.9,2.9,27.5,0,MingJo00
111,Josh Palmer,LAC,24,WR,7,4,39,23,59.0%,377,16.4,1,13,48.7,60,9.7,3.3,53.9,1,PalmJo00
112,Robert Woods,HOU,31,WR,7,7,46,23,50.0%,242,10.5,1,16,41.3,25,5.3,3.3,34.6,0,WoodRo02
113,Austin Ekeler,LAC,28,RB,6,6,35,22,62.9%,248,11.3,1,11,40.0,39,7.1,3.7,41.3,1,EkelAu00
114,Taysom Hill,NOR,33,QB,10,6,29,22,75.9%,159,7.2,1,5,51.7,19,5.5,2.2,15.9,0,HillTa00
115,Darnell Mooney,CHI,26,WR,10,10,38,22,57.9%,321,14.6,1,15,50.0,41,8.4,2.2,32.1,0,MoonDa00
116,JuJu Smith-Schuster,NWE,27,WR,8,4,34,22,64.7%,149,6.8,1,9,41.2,20,4.4,2.8,18.6,0,SmitJu00
117,Noah Brown,HOU,27,WR,5,2,28,21,75.0%,439,20.9,1,15,60.7,75,15.7,4.2,87.8,0,BrowNo00
118,Gerald Everett,LAC,29,TE,8,5,27,21,77.8%,167,8.0,2,13,51.9,29,6.2,2.6,20.9,2,EverGe00
119,Jerome Ford,CLE,24,RB,9,5,29,21,72.4%,141,6.7,2,8,41.4,19,4.9,2.3,15.7,1,FordJe00
120,Mike Gesicki,NWE,28,TE,10,6,30,21,70.0%,182,8.7,1,9,50.0,18,6.1,2.1,18.2,0,GesiMi00
121,Chuba Hubbard,CAR,24,RB,9,4,25,21,84.0%,110,5.2,0,5,28.0,14,4.4,2.3,12.2,1,HubbCh01
122,Javonte Williams,DEN,23,RB,8,7,26,21,80.8%,109,5.2,2,5,46.2,18,4.2,2.6,13.6,0,WillJa10
123,Rashod Bateman,BAL,24,WR,10,6,31,20,64.5%,215,10.8,1,9,51.6,29,6.9,2.0,21.5,0,BateRa00
124,Braxton Berrios,MIA,28,WR,9,1,25,20,80.0%,194,9.7,1,12,56.0,22,7.8,2.2,21.6,0,BerrBr00
125,Allen Lazard,NYJ,28,WR,9,9,40,20,50.0%,290,14.5,1,16,45.0,39,7.3,2.2,32.2,0,LazaAl00
126,Kalif Raymond,DET,29,WR,9,3,27,20,74.1%,277,13.9,1,11,59.3,41,10.3,2.2,30.8,0,RaymKa00
127,Brian Robinson Jr.,WAS,24,RB,10,10,24,20,83.3%,256,12.8,3,9,58.3,51,10.7,2.0,25.6,2,RobiBr01
128,Miles Sanders,CAR,26,RB,8,5,31,20,64.5%,118,5.9,0,7,35.5,14,3.8,2.5,14.8,2,SandMi01
129,Kadarius Toney,KAN,24,WR,9,2,28,20,71.4%,127,6.4,1,10,46.4,18,4.5,2.2,14.1,1,ToneKa00
130,Nelson Agholor,BAL,30,WR,11,2,26,19,73.1%,261,13.7,3,12,53.8,37,10.0,1.7,23.7,1,AghoNe00
131,Parris Campbell,NYG,26,WR,10,3,26,19,73.1%,106,5.6,0,2,38.5,17,4.1,1.9,10.6,0,CampPa00
132,Derrick Henry,TEN,29,RB,9,9,22,19,86.4%,161,8.5,0,4,54.5,46,7.3,2.1,17.9,0,HenrDe00
133,Roschon Johnson,CHI,22,RB,8,0,23,19,82.6%,91,4.8,0,3,34.8,9,4.0,2.4,11.4,0,JohnRo07
134,Raheem Mostert,MIA,31,RB,9,9,24,19,79.2%,151,7.9,2,5,50.0,22,6.3,2.1,16.8,4,MostRa00
135,Brandon Powell,MIN,28,WR,10,1,27,19,70.4%,192,10.1,1,12,51.9,27,7.1,1.9,19.2,1,PoweBr00
136,Allen Robinson,PIT,30,WR,9,9,30,19,63.3%,154,8.1,0,5,43.3,31,5.1,2.1,17.1,0,RobiAl02
137,Khalil Shakir,BUF,23,WR,10,4,21,19,90.5%,248,13.1,1,12,81.0,30,11.8,1.9,24.8,0,ShakKh00
138,Nick Westbrook-Ikhine,TEN,26,WR,9,4,30,19,63.3%,233,12.3,3,11,56.7,33,7.8,2.1,25.9,0,WestNi00
139,Mike Williams,LAC,29,WR,3,3,26,19,73.1%,249,13.1,1,9,53.8,49,9.6,6.3,83.0,0,WillMi07
140,Ezekiel Elliott,NWE,28,RB,10,0,24,18,75.0%,108,6.0,0,4,33.3,19,4.5,1.8,10.8,1,ElliEz00
141,Noah Gray,KAN,24,TE,9,5,24,18,75.0%,214,11.9,1,8,58.3,34,8.9,2.0,23.8,0,GrayNo00
142,Najee Harris,PIT,25,RB,9,9,25,18,72.0%,115,6.4,0,4,44.0,32,4.6,2.0,12.8,1,HarrNa00
143,Tanner Hudson,CIN,29,TE,5,1,22,18,81.8%,175,9.7,0,9,63.6,26,8.0,3.6,35.0,0,HudsTa00
144,Hayden Hurst,CAR,30,TE,9,8,32,18,56.3%,184,10.2,1,7,46.9,48,5.8,2.0,20.4,0,HursHa00
145,Quentin Johnston,LAC,22,WR,9,3,28,18,64.3%,162,9.0,1,11,53.6,20,5.8,2.0,18.0,0,JohnQu02
146,Aaron Jones,GNB,29,RB,6,6,28,18,64.3%,166,9.2,1,9,39.3,51,5.9,3.0,27.7,2,JoneAa00
147,Terrace Marshall Jr.,CAR,23,WR,8,3,32,18,56.3%,134,7.4,0,8,43.8,14,4.2,2.3,16.8,1,MarsTe00
148,Alec Pierce,IND,23,WR,10,10,33,18,54.5%,264,14.7,0,15,54.5,38,8.0,1.8,26.4,0,PierAl00
149,DJ Chark,CAR,27,WR,7,5,34,17,50.0%,229,13.5,3,10,38.2,47,6.7,2.4,32.7,0,CharDJ00
150,Kylen Granson,IND,25,TE,8,3,30,17,56.7%,175,10.3,1,11,43.3,45,5.8,2.1,21.9,0,GranKy00
151,Connor Heyward,PIT,24,TE,9,3,26,17,65.4%,137,8.1,0,6,50.0,13,5.3,1.9,15.2,0,HeywCo00
152,Mack Hollins,ATL,30,WR,9,3,29,17,58.6%,247,14.5,0,9,48.3,45,8.5,1.9,27.4,0,HollMa00
153,Jerick McKinnon,KAN,31,RB,9,0,23,17,73.9%,147,8.6,3,8,43.5,27,6.4,1.9,16.3,0,McKiJe00
154,Trey Palmer,TAM,22,WR,9,2,32,17,53.1%,188,11.1,2,9,40.6,26,5.9,1.9,20.9,1,PalmTr00
155,Durham Smythe,MIA,28,TE,9,8,22,17,77.3%,168,9.9,0,10,68.2,22,7.6,1.9,18.7,0,SmytDu00
156,Dontayvion Wicks,GNB,22,WR,9,2,27,17,63.0%,240,14.1,1,13,59.3,32,8.9,1.9,26.7,2,WickDo00
157,Noah Fant,SEA,26,TE,9,9,20,16,80.0%,232,14.5,0,8,65.0,51,11.6,1.8,25.8,0,FantNo00
158,Justice Hill,BAL,26,RB,10,4,17,16,94.1%,73,4.6,0,2,29.4,24,4.3,1.6,7.3,1,HillJu00
159,Trenton Irwin,CIN,28,WR,9,4,22,16,72.7%,191,11.9,1,11,54.5,32,8.7,1.8,21.2,2,IrwiTr00
160,Michael Mayer,LVR,22,TE,10,8,24,16,66.7%,178,11.1,1,10,54.2,32,7.4,1.6,17.8,0,MayeMi00
161,Skyy Moore,KAN,23,WR,9,6,30,16,53.3%,201,12.6,1,11,50.0,54,6.7,1.8,22.3,0,MoorSk01
162,Zack Moss,IND,26,RB,9,5,20,16,80.0%,123,7.7,1,6,40.0,26,6.2,1.8,13.7,0,MossZa00
163,Jonathan Taylor,IND,24,RB,6,4,19,16,84.2%,137,8.6,1,5,42.1,40,7.2,2.7,22.8,0,TaylJo02
164,Kenneth Walker III,SEA,23,RB,9,9,22,16,72.7%,175,10.9,1,6,50.0,64,8.0,1.8,19.4,0,WalkKe00
165,Calvin Austin,PIT,24,WR,9,1,26,15,57.7%,165,11.0,1,5,38.5,72,6.3,1.7,18.3,0,AustCa00
166,Michael Carter,NYJ,24,RB,9,0,20,15,75.0%,68,4.5,0,4,30.0,10,3.4,1.7,7.6,0,CartMi03
167,Kenneth Gainwell,PHI,24,RB,8,1,18,15,83.3%,74,4.9,0,4,44.4,17,4.1,1.9,9.3,2,GainKe00
168,Dawson Knox,BUF,27,TE,7,7,28,15,53.6%,102,6.8,1,7,39.3,15,3.6,2.1,14.6,0,KnoxDa00
169,Donald Parham,LAC,26,TE,9,7,23,15,65.2%,122,8.1,4,12,56.5,17,5.3,1.7,13.6,0,ParhDo00
170,DeVante Parker,NWE,30,WR,7,7,25,15,60.0%,158,10.5,0,7,52.0,22,6.3,2.1,22.6,0,ParkDe01
171,Austin Hooper,LVR,29,TE,10,4,15,14,93.3%,135,9.6,0,6,66.7,20,9.0,1.4,13.5,0,HoopAu00
172,Juwan Johnson,NOR,27,TE,6,6,22,14,63.6%,97,6.9,1,4,40.9,27,4.4,2.3,16.2,0,JohnJu02
173,Jaleel McLaughlin,DEN,23,RB,9,1,16,14,87.5%,69,4.9,2,2,25.0,22,4.3,1.6,7.7,0,McLaJa00
174,Irv Smith Jr.,CIN,25,TE,8,5,21,14,66.7%,89,6.4,1,4,38.1,11,4.2,1.8,11.1,1,SmitIr01
175,Deven Thompkins,TAM,24,WR,9,1,20,14,70.0%,78,5.6,1,5,40.0,26,3.9,1.6,8.7,3,ThomDe07
176,Marquez Valdes-Scantling,KAN,29,WR,9,9,24,14,58.3%,249,17.8,1,10,50.0,46,10.4,1.6,27.7,1,ValdMa00
177,Christian Watson,GNB,24,WR,6,6,33,14,42.4%,236,16.9,1,9,39.4,77,7.2,2.3,39.3,0,WatsCh00
178,Justin Watson,KAN,27,WR,8,3,25,14,56.0%,276,19.7,0,9,56.0,37,11.0,1.8,34.5,1,WatsJu01
179,Salvon Ahmed,MIA,25,RB,7,0,20,13,65.0%,63,4.8,0,3,30.0,20,3.2,1.9,9.0,0,AhmeSa01
180,John Bates,WAS,26,TE,10,3,17,13,76.5%,116,8.9,0,4,64.7,35,6.8,1.3,11.6,0,BateJo00
181,Matt Breida,NYG,28,RB,10,4,15,13,86.7%,64,4.9,0,2,20.0,22,4.3,1.3,6.4,1,BreiMa00
182,Zach Charbonnet,SEA,22,RB,8,0,17,13,76.5%,70,5.4,0,1,47.1,10,4.1,1.6,8.8,0,CharZa00
183,Jamison Crowder,WAS,30,WR,10,0,16,13,81.3%,139,10.7,1,7,68.8,26,8.7,1.3,13.9,1,CrowJa00
184,Deonte Harty,BUF,26,WR,10,1,18,13,72.2%,113,8.7,1,7,50.0,43,6.3,1.3,11.3,1,HarrDe07
185,Van Jefferson,2TM,27,,10,6,29,13,44.8%,151,11.6,0,7,34.5,46,5.2,1.3,15.1,0,JeffVa00
186,Jauan Jennings,SFO,26,WR,8,2,23,13,56.5%,189,14.5,0,8,52.2,31,8.2,1.6,23.6,0,JennJa00
187,Latavius Murray,BUF,33,RB,10,3,15,13,86.7%,80,6.2,0,5,46.7,22,5.3,1.3,8.0,0,MurrLa00
188,Colby Parkinson,SEA,24,TE,9,1,19,13,68.4%,141,10.8,0,6,52.6,27,7.4,1.4,15.7,0,ParkCo02
189,Hunter Renfrow,LVR,28,WR,10,2,20,13,65.0%,129,9.9,0,7,40.0,23,6.5,1.3,12.9,0,RenfHu00
190,Adam Trautman,DEN,26,TE,9,7,20,13,65.0%,84,6.5,1,3,45.0,15,4.2,1.4,9.3,0,TrauAd00
191,Kyren Williams,LAR,23,RB,6,5,24,13,54.2%,105,8.1,1,5,41.7,20,4.4,2.2,17.5,1,WillKy02
192,Tyler Allgeier,ATL,23,RB,10,2,17,12,70.6%,83,6.9,0,3,29.4,46,4.9,1.2,8.3,0,AllgTy00
193,Jake Bobo,SEA,25,WR,9,0,15,12,80.0%,148,12.3,2,8,60.0,31,9.9,1.3,16.4,0,BoboJa00
194,Emari Demercado,ARI,24,RB,8,2,16,12,75.0%,64,5.3,0,2,31.3,13,4.0,1.5,8.0,0,DemeEm00
195,AJ Dillon,GNB,25,RB,9,3,17,12,70.6%,114,9.5,0,5,52.9,29,6.7,1.3,12.7,0,DillAJ00
196,Isaiah Hodgins,NYG,25,WR,10,8,21,12,57.1%,120,10.0,1,5,57.1,24,5.7,1.2,12.0,1,HodgIs00
197,Josh Oliver,MIN,26,TE,10,8,14,12,85.7%,71,5.9,1,4,42.9,18,5.1,1.2,7.1,1,OlivJo00
198,Jalen Tolbert,DAL,24,WR,9,4,20,12,60.0%,122,10.2,1,7,55.0,32,6.1,1.3,13.6,1,TolbJa00
199,Cam Akers,2TM,24,,7,1,12,11,91.7%,70,6.4,0,2,50.0,30,5.8,1.6,10.0,0,AkerCa00
200,KhaDarel Hodge,ATL,28,WR,10,2,15,11,73.3%,199,18.1,0,10,73.3,52,13.3,1.1,19.9,1,HodgKh00
201,Jalin Hyatt,NYG,22,WR,10,1,20,11,55.0%,214,19.5,0,6,50.0,58,10.7,1.1,21.4,1,HyatJa00
202,Isaiah McKenzie,IND,28,WR,10,0,14,11,78.6%,82,7.5,0,4,35.7,30,5.9,1.1,8.2,2,McKeIs00
203,Marvin Mims,DEN,21,WR,9,3,15,11,73.3%,246,22.4,1,6,46.7,60,16.4,1.2,27.3,1,MimsMa00
204,Foster Moreau,NOR,26,TE,8,5,12,11,91.7%,115,10.5,1,6,75.0,23,9.6,1.4,14.4,0,MoreFo00
205,Kyle Philips,TEN,24,WR,5,0,16,11,68.8%,159,14.5,0,6,50.0,29,9.9,2.2,31.8,1,PhilKy01
206,Tommy Tremble,CAR,23,TE,9,1,12,11,91.7%,73,6.6,2,6,66.7,21,6.1,1.2,8.1,0,TremTo00
207,Ameer Abdullah,LVR,30,RB,10,0,15,10,66.7%,79,7.9,0,3,26.7,13,5.3,1.0,7.9,0,AbduAm00
208,Dyami Brown,WAS,24,WR,10,1,17,10,58.8%,161,16.1,1,7,58.8,35,9.5,1.0,16.1,0,BrowDy00
209,Dalvin Cook,NYJ,28,RB,9,0,12,10,83.3%,47,4.7,0,1,25.0,15,3.9,1.1,5.2,1,CookDa01
210,Derius Davis,LAC,23,WR,9,0,11,10,90.9%,45,4.5,0,0,27.3,11,4.1,1.1,5.0,2,DaviDe02
211,Khalil Herbert,CHI,25,RB,5,5,18,10,55.6%,83,8.3,1,5,38.9,23,4.6,2.0,16.6,1,HerbKh00
212,Drew Sample,CIN,27,TE,10,4,13,10,76.9%,71,7.1,1,2,23.1,22,5.5,1.0,7.1,0,SampDr00
213,Devin Singletary,HOU,26,RB,9,2,13,10,76.9%,53,5.3,0,4,30.8,11,4.1,1.1,5.9,0,SingDe00
214,De'Von Achane,MIA,22,RB,4,1,11,9,81.8%,67,7.4,2,5,63.6,17,6.1,2.3,16.8,1,AchaDe00
215,Jamal Agnew,JAX,28,WR,8,1,12,9,75.0%,90,10.0,0,5,66.7,14,7.5,1.1,11.3,1,AgneJa00
216,Daniel Bellinger,NYG,23,TE,10,8,11,9,81.8%,99,11.0,0,2,45.5,26,9.0,0.9,9.9,0,BellDa00
217,Gus Edwards,BAL,28,RB,11,6,10,9,90.0%,119,13.2,0,2,60.0,80,11.9,0.8,10.8,1,EdwaGu00
218,D'Onta Foreman,CHI,27,RB,6,5,13,9,69.2%,55,6.1,1,5,38.5,17,4.2,1.5,9.2,1,ForeDO00
219,Isaiah Likely,BAL,23,TE,11,5,12,9,75.0%,89,9.9,0,5,58.3,20,7.4,0.8,8.1,0,LikeIs00
220,John Metchie,HOU,23,WR,8,0,10,9,90.0%,111,12.3,0,6,80.0,22,11.1,1.1,13.9,0,MetcJo00
221,Kendre Miller,NOR,21,RB,7,0,10,9,90.0%,111,12.3,0,5,60.0,33,11.1,1.3,15.9,0,MillKe01
222,Andrew Ogletree,IND,25,TE,8,6,17,9,52.9%,147,16.3,2,8,47.1,33,8.6,1.1,18.4,0,OgleAn00
223,Dameon Pierce,HOU,23,RB,7,7,12,9,75.0%,84,9.3,0,2,50.0,27,7.0,1.3,12.0,0,PierDa01
224,Tyler Scott,CHI,22,WR,10,1,18,9,50.0%,77,8.6,0,5,50.0,15,4.3,0.9,7.7,0,ScotTy00
225,Cedrick Wilson Jr.,MIA,28,WR,7,0,15,9,60.0%,148,16.4,2,7,53.3,31,9.9,1.3,21.1,0,WilsCe01
226,Brock Wright,DET,25,TE,9,3,10,9,90.0%,68,7.6,1,2,70.0,25,6.8,1.0,7.6,0,WrigBr01
227,Treylon Burks,TEN,23,WR,5,5,18,8,44.4%,122,15.3,0,3,33.3,70,6.8,1.6,24.4,0,BurkTr00
228,James Conner,ARI,28,RB,6,6,10,8,80.0%,30,3.8,0,2,20.0,11,3.0,1.3,5.0,0,ConnJa00
229,Josiah Deguara,GNB,26,TE,9,3,8,8,100.0%,65,8.1,0,3,75.0,19,8.1,0.9,7.2,0,DeguJo00
230,Will Dissly,SEA,27,TE,8,7,9,8,88.9%,78,9.8,0,4,66.7,16,8.7,1.0,9.8,0,DissWi00
231,Pat Freiermuth,PIT,25,TE,4,4,13,8,61.5%,53,6.6,2,4,38.5,14,4.1,2.0,13.3,0,FreiPa00
232,Brandon Johnson,DEN,25,WR,7,2,13,8,61.5%,122,15.3,3,5,53.8,50,9.4,1.1,17.4,0,JohnBr23
233,Zay Jones,JAX,28,WR,3,2,18,8,44.4%,78,9.8,2,5,44.4,18,4.3,2.7,26.0,0,JoneZa00
234,Kyle Juszczyk,SFO,32,FB,9,8,9,8,88.9%,65,8.1,2,4,88.9,22,7.2,0.9,7.2,0,JuszKy00
235,Ray-Ray McCloud,SFO,27,WR,9,1,10,8,80.0%,90,11.3,0,4,60.0,41,9.0,0.9,10.0,0,McClRa00
236,Chris Moore,TEN,30,WR,9,2,15,8,53.3%,190,23.8,0,5,40.0,49,12.7,0.9,21.1,1,MoorCh00
237,Donovan Peoples-Jones,CLE,24,WR,7,5,18,8,44.4%,97,12.1,0,4,38.9,29,5.4,1.1,13.9,1,PeopDo00
238,Byron Pringle,WAS,30,WR,10,0,13,8,61.5%,107,13.4,0,5,53.8,26,8.2,0.8,10.7,0,PrinBy00
239,Cole Turner,WAS,23,TE,8,1,12,8,66.7%,82,10.3,0,3,58.3,21,6.8,1.0,10.3,0,TurnCo00
240,C.J. Uzomah,NYJ,30,TE,9,7,12,8,66.7%,58,7.3,1,5,58.3,19,4.8,0.9,6.4,0,UzomC.00
241,Jameson Williams,DET,22,WR,5,3,17,8,47.1%,89,11.1,1,3,29.4,45,5.2,1.6,17.8,0,WillJa11
242,Pharaoh Brown,NWE,29,TE,10,5,7,7,100.0%,170,24.3,1,6,100.0,58,24.3,0.7,17.0,0,BrowPh01
243,Rico Dowdle,DAL,25,RB,9,0,8,7,87.5%,57,8.1,1,2,62.5,17,7.1,0.8,6.3,0,DowdRi01
244,Darrynton Evans,CHI,25,RB,5,0,12,7,58.3%,49,7.0,0,2,33.3,17,4.1,1.4,9.8,0,EvanDa02
245,Mecole Hardman,2TM,25,,8,0,11,7,63.6%,35,5.0,0,4,45.5,12,3.2,0.9,4.4,1,HardMe00
246,Tim Jones,JAX,25,WR,9,1,9,7,77.8%,44,6.3,0,2,33.3,13,4.9,0.8,4.9,0,JoneTi00
247,Scott Miller,ATL,26,WR,10,0,8,7,87.5%,76,10.9,2,3,50.0,46,9.5,0.7,7.6,0,MillSc01
248,Laviska Shenault Jr.,CAR,25,WR,6,0,7,7,100.0%,43,6.1,0,2,28.6,14,6.1,1.2,7.2,1,ShenLa00
249,Trent Sherfield,BUF,27,WR,10,1,10,7,70.0%,53,7.6,0,1,50.0,9,5.3,0.7,5.3,0,SherTr00
250,Robert Tonyan,CHI,29,TE,10,4,9,7,77.8%,58,8.3,0,3,55.6,11,6.4,0.7,5.8,0,TonyRo00
251,KaVontae Turpin,DAL,27,WR,8,0,9,7,77.8%,69,9.9,2,6,77.8,26,7.7,0.9,8.6,1,TurpKa00
252,Jordan Akins,CLE,31,TE,9,3,11,6,54.5%,45,7.5,0,2,45.5,12,4.1,0.7,5.0,0,AkinJo00
253,Mike Boone,HOU,28,RB,8,0,8,6,75.0%,35,5.8,0,2,50.0,12,4.4,0.8,4.4,1,BoonMi00
254,River Cracraft,MIA,29,WR,3,1,8,6,75.0%,87,14.5,1,6,75.0,24,10.9,2.0,29.0,0,CracRi00
255,Clyde Edwards-Helaire,KAN,24,RB,8,1,7,6,85.7%,36,6.0,0,2,42.9,10,5.1,0.8,4.5,0,EdwaCl00
256,Darrell Henderson,LAR,26,RB,3,3,7,6,85.7%,75,12.5,0,2,42.9,32,10.7,2.0,25.0,0,HendDa00
257,Kareem Hunt,CLE,28,RB,7,2,9,6,66.7%,58,9.7,0,3,55.6,13,6.4,0.9,8.3,0,HuntKa00
258,Tony Jones,2TM,26,,6,1,9,6,66.7%,26,4.3,0,1,22.2,10,2.9,1.0,4.3,0,JoneTo04
259,David Montgomery,DET,26,RB,6,6,10,6,60.0%,66,11.0,0,4,60.0,19,6.6,1.0,11.0,2,MontDa01
260,Tre Tucker,LVR,22,WR,9,0,10,6,60.0%,125,20.8,0,3,30.0,50,12.5,0.7,13.9,0,TuckTr00
261,Deuce Vaughn,DAL,22,RB,6,0,6,6,100.0%,30,5.0,0,1,33.3,11,5.0,1.0,5.0,0,VaugDe00
262,Zamir White,LVR,24,RB,10,0,6,6,100.0%,38,6.3,0,2,50.0,15,6.3,0.6,3.8,1,WhitZa01
263,Josh Whyle,TEN,24,TE,8,2,10,6,60.0%,60,10.0,1,6,60.0,24,6.0,0.8,7.5,0,WhylJo01
264,Jamaal Williams,NOR,28,RB,6,2,7,6,85.7%,24,4.0,0,0,28.6,8,3.4,1.0,4.0,1,WillJa06
265,Jeff Wilson,MIA,28,RB,3,0,7,6,85.7%,50,8.3,0,1,42.9,12,7.1,2.0,16.7,0,WilsJe01
266,Olamide Zaccheaus,PHI,26,WR,9,1,12,6,50.0%,87,14.5,1,4,50.0,34,7.3,0.7,9.7,0,ZaccOl01
267,Mo Alie-Cox,IND,30,TE,10,4,9,5,55.6%,72,14.4,1,4,44.4,35,8.0,0.5,7.2,0,AlieMo00
268,Raheem Blackshear,CAR,24,RB,5,0,5,5,100.0%,41,8.2,0,1,80.0,19,8.2,1.0,8.2,0,BlacRa00
269,Gary Brightwell,NYG,24,RB,7,0,7,5,71.4%,47,9.4,0,2,42.9,18,6.7,0.7,6.7,0,BrigGa00
270,Ty Chandler,MIN,25,RB,10,0,6,5,83.3%,43,8.6,0,2,50.0,18,7.2,0.5,4.3,0,ChanTy01
271,Chase Claypool,2TM,25,,6,2,16,5,31.3%,66,13.2,1,4,25.0,20,4.1,0.8,11.0,0,ClayCh01
272,Luke Farrell,JAX,26,TE,9,5,5,5,100.0%,35,7.0,0,2,80.0,16,7.0,0.6,3.9,0,FarrLu00
273,Lil'Jordan Humphrey,DEN,25,WR,9,4,6,5,83.3%,40,8.0,1,3,83.3,14,6.7,0.6,4.4,0,HumpLi01
274,Alec Ingold,MIA,27,FB,9,8,6,5,83.3%,63,12.6,0,3,66.7,23,10.5,0.6,7.0,0,IngoAl01
275,Deon Jackson,3TM,24,,4,1,6,5,83.3%,14,2.8,0,0,33.3,8,2.3,1.3,3.5,2,JackDe02
276,D'Ernest Johnson,JAX,27,RB,9,0,5,5,100.0%,43,8.6,0,4,80.0,15,8.6,0.6,4.8,0,JohnDE04
277,Marvin Jones,DET,33,WR,6,4,10,5,50.0%,35,7.0,0,2,30.0,16,3.5,0.8,5.8,1,JoneMa02
278,Brevin Jordan,HOU,23,TE,6,0,5,5,100.0%,51,10.2,1,4,100.0,16,10.2,0.8,8.5,0,JordBr00
279,Johnny Mundt,MIN,29,TE,10,0,5,5,100.0%,45,9.0,0,2,80.0,18,9.0,0.5,4.5,0,MundJo00
280,Cordarrelle Patterson,ATL,32,RB,7,0,5,5,100.0%,23,4.6,0,1,60.0,7,4.6,0.7,3.3,0,PattCo00
281,Craig Reynolds,DET,27,RB,9,0,5,5,100.0%,47,9.4,0,2,60.0,28,9.4,0.6,5.2,1,ReynCr00
282,Jeremy Ruckert,NYJ,23,TE,9,3,6,5,83.3%,43,8.6,0,2,33.3,23,7.2,0.6,4.8,0,RuckJe00
283,Sterling Shepard,NYG,30,WR,9,1,10,5,50.0%,28,5.6,1,3,30.0,13,2.8,0.6,3.1,1,ShepSt00
284,Stephen Sullivan,CAR,27,TE,3,0,6,5,83.3%,41,8.2,0,1,66.7,13,6.8,1.7,13.7,0,SullSt00
285,Geoff Swaim,ARI,30,TE,10,4,6,5,83.3%,43,8.6,0,2,83.3,11,7.2,0.5,4.3,0,SwaiGe00
286,Patrick Taylor,GNB,25,RB,4,0,10,5,50.0%,28,5.6,0,3,30.0,12,2.8,1.3,7.0,0,TaylPa01
287,Samori Toure,GNB,25,WR,7,0,11,5,45.5%,62,12.4,0,3,27.3,35,5.6,0.7,8.9,0,TourSa00
288,Trayveon Williams,CIN,26,RB,10,0,7,5,71.4%,9,1.8,0,0,14.3,5,1.3,0.5,0.9,0,WillTr06
289,Nate Adkins,DEN,24,TE,6,0,5,4,80.0%,22,5.5,0,1,20.0,11,4.4,0.7,3.7,0,AdkiNa00
290,David Bell,CLE,23,WR,7,0,7,4,57.1%,33,8.3,0,3,57.1,14,4.7,0.6,4.7,0,BellDa02
291,Ronnie Bell,SFO,23,WR,9,0,5,4,80.0%,51,12.8,1,3,80.0,20,10.2,0.4,5.7,0,BellRo01
292,Jalen Brooks,DAL,23,WR,3,0,4,4,100.0%,39,9.8,0,3,100.0,14,9.8,1.3,13.0,0,BrooJa03
293,Harrison Bryant,CLE,25,TE,9,5,9,4,44.4%,10,2.5,1,1,11.1,3,1.1,0.4,1.1,0,BryaHa00
294,Nick Chubb,CLE,28,RB,2,2,4,4,100.0%,21,5.3,0,1,50.0,10,5.3,2.0,10.5,0,ChubNi00
295,DeeJay Dallas,SEA,25,RB,9,0,5,4,80.0%,11,2.8,0,1,20.0,14,2.2,0.4,1.2,1,DallDe00
296,Devin Duvernay,BAL,26,WR,11,1,9,4,44.4%,18,4.5,0,0,11.1,10,2.0,0.4,1.6,0,DuveDe00
297,Chase Edmonds,TAM,27,RB,5,0,5,4,80.0%,13,3.3,0,0,40.0,9,2.6,0.8,2.6,0,EdmoCh00
298,Xavier Gipson,NYJ,22,WR,9,0,7,4,57.1%,60,15.0,0,3,42.9,24,8.6,0.4,6.7,3,GipsXa00
299,Jalen Guyton,LAC,26,WR,2,1,8,4,50.0%,41,10.3,1,2,37.5,18,5.1,2.0,20.5,0,GuytJa01
300,C.J. Ham,MIN,30,FB,10,3,5,4,80.0%,16,4.0,0,1,40.0,7,3.2,0.4,1.6,0,HamxC.00
301,Keaontay Ingram,ARI,24,RB,8,1,4,4,100.0%,26,6.5,0,1,50.0,9,6.5,0.5,3.3,0,IngrKe01
302,Andrei Iosivas,CIN,24,WR,9,0,6,4,66.7%,23,5.8,2,2,66.7,9,3.8,0.4,2.6,0,IosiAn00
303,Will Mallory,IND,24,TE,5,0,8,4,50.0%,62,15.5,0,2,37.5,43,7.8,0.8,12.4,0,MallWi00
304,Keaton Mitchell,BAL,21,RB,5,0,5,4,80.0%,45,11.3,0,1,60.0,32,9.0,0.8,9.0,0,MitcKe01
305,Ty Montgomery,NWE,30,WR,10,0,9,4,44.4%,23,5.8,0,2,33.3,11,2.6,0.4,2.3,0,MontTy01
306,Zach Pascal,ARI,29,WR,9,1,11,4,36.4%,19,4.8,0,1,27.3,9,1.7,0.4,2.1,0,PascZa00
307,MyCole Pruitt,ATL,31,TE,10,7,7,4,57.1%,44,11.0,0,2,42.9,22,6.3,0.4,4.4,0,PruiMy00
308,Patrick Ricard,BAL,29,FB,11,6,5,4,80.0%,48,12.0,0,2,40.0,28,9.6,0.4,4.4,0,RicaPa00
309,Ronnie Rivers,LAR,24,RB,6,0,4,4,100.0%,18,4.5,0,0,25.0,10,4.5,0.7,3.0,0,RiveRo01
310,Brenton Strange,JAX,23,TE,9,1,7,4,57.1%,34,8.5,1,2,28.6,17,4.9,0.4,3.8,0,StraBr00
311,Quez Watkins,PHI,25,WR,3,2,5,4,80.0%,21,5.3,0,1,60.0,9,4.2,1.3,7.0,0,WatkQu00
312,Andrew Beck,HOU,27,FB,8,7,4,3,75.0%,13,4.3,0,1,50.0,8,3.3,0.4,1.6,1,BeckAn01
313,Blake Bell,KAN,32,TE,9,0,5,3,60.0%,19,6.3,1,1,60.0,8,3.8,0.3,2.1,1,BellBl00
314,Chase Brown,CIN,23,RB,5,0,3,3,100.0%,7,2.3,0,0,33.3,8,2.3,0.6,1.4,0,BrowCh10
315,Lawrence Cager,NYG,26,TE,7,0,4,3,75.0%,27,9.0,1,2,75.0,10,6.8,0.4,3.9,0,CageLa01
316,DeAndre Carter,LVR,30,WR,10,1,6,3,50.0%,36,12.0,0,0,33.3,16,6.0,0.3,3.6,1,CartDe02
317,Randall Cobb,NYJ,33,WR,6,1,12,3,25.0%,20,6.7,0,2,16.7,12,1.7,0.5,3.3,0,CobbRa00
318,Jashaun Corbin,NYG,23,RB,2,0,3,3,100.0%,12,4.0,0,1,33.3,7,4.0,1.5,6.0,0,CorbJa01
319,Greg Dulcich,DEN,23,TE,2,1,4,3,75.0%,25,8.3,0,2,50.0,13,6.3,1.5,12.5,0,DulcGr00
320,Marquise Goodwin,CLE,33,WR,8,0,11,3,27.3%,10,3.3,0,0,0.0,6,0.9,0.4,1.3,0,GoodMa00
321,Melvin Gordon,BAL,30,RB,2,0,3,3,100.0%,46,15.3,0,3,100.0,23,15.3,1.5,23.0,0,GordMe00
322,Brycen Hopkins,LAR,26,TE,9,0,4,3,75.0%,31,10.3,0,1,50.0,21,7.8,0.3,3.4,0,HopkBr01
323,Rakim Jarrett,TAM,22,WR,9,0,7,3,42.9%,19,6.3,0,0,28.6,9,2.7,0.3,2.1,0,JarrRa00
324,Velus Jones Jr.,CHI,26,WR,8,0,5,3,60.0%,9,3.0,0,0,40.0,5,1.8,0.4,1.1,0,JoneVe00
325,Joshua Kelley,LAC,26,RB,9,3,6,3,50.0%,11,3.7,0,0,33.3,5,1.8,0.3,1.2,0,KellJo01
326,Tucker Kraft,GNB,23,TE,9,1,5,3,60.0%,11,3.7,0,0,40.0,6,2.2,0.3,1.2,0,KrafTu00
327,Elijah Mitchell,SFO,25,RB,6,0,5,3,60.0%,2,0.7,0,0,20.0,9,0.4,0.5,0.3,0,MitcEl00
328,Justyn Ross,KAN,24,WR,7,0,6,3,50.0%,34,11.3,0,1,50.0,20,5.7,0.4,4.9,0,RossJu00
329,Luke Schoonmaker,DAL,25,TE,9,0,9,3,33.3%,14,4.7,1,2,22.2,13,1.6,0.3,1.6,0,SchoLu00
330,Boston Scott,PHI,28,RB,7,0,3,3,100.0%,25,8.3,0,1,33.3,14,8.3,0.4,3.6,0,ScotBo02
331,Ben Skowronek,LAR,26,WR,9,0,6,3,50.0%,33,11.0,1,2,33.3,20,5.5,0.3,3.7,0,SkowBe00
332,Isaiah Spiller,LAC,22,RB,5,0,3,3,100.0%,20,6.7,0,1,100.0,10,6.7,0.6,4.0,0,SpilIs00
333,Tyquan Thornton,NWE,23,WR,3,1,7,3,42.9%,15,5.0,0,0,0.0,7,2.1,1.0,5.0,0,ThorTy00
334,Darnell Washington,PIT,22,TE,9,5,5,3,60.0%,23,7.7,0,2,60.0,10,4.6,0.3,2.6,0,WashDa03
335,Mitchell Wilcox,CIN,27,TE,10,0,5,3,60.0%,17,5.7,0,0,40.0,7,3.4,0.3,1.7,0,WilcMi01
336,Emanuel Wilson,GNB,24,RB,6,0,3,3,100.0%,14,4.7,0,0,100.0,6,4.7,0.5,2.3,1,WilsEm00
337,Alex Armah,WAS,29,RB,4,0,2,2,100.0%,3,1.5,0,0,0.0,3,1.5,0.5,0.8,0,ArmaAl00
338,Khari Blasingame,CHI,27,FB,9,1,4,2,50.0%,5,2.5,0,0,25.0,4,1.3,0.2,0.6,0,BlasKh00
339,Miles Boykin,PIT,27,WR,9,0,3,2,66.7%,11,5.5,0,0,33.3,6,3.7,0.2,1.2,0,BoykMi00
340,J.K. Dobbins,BAL,25,RB,1,1,3,2,66.7%,15,7.5,0,0,66.7,10,5.0,2.0,15.0,0,DobbJK00
341,Elijah Dotson,LAC,24,RB,4,0,2,2,100.0%,13,6.5,0,0,100.0,7,6.5,0.5,3.3,0,DotsEl00
342,Kenyan Drake,BAL,29,RB,2,0,3,2,66.7%,31,15.5,0,0,66.7,24,10.3,1.0,15.5,1,DrakKe00
343,Damien Harris,BUF,26,RB,6,0,2,2,100.0%,16,8.0,0,0,0.0,13,8.0,0.3,2.7,0,HarrDa06
344,Trishton Jackson,MIN,25,WR,6,0,4,2,50.0%,9,4.5,0,0,0.0,7,2.3,0.3,1.5,0,JackTr02
345,Julio Jones,PHI,34,WR,3,1,3,2,66.7%,11,5.5,1,1,33.3,8,3.7,0.7,3.7,0,JoneJu02
346,Marcedes Lewis,CHI,39,TE,10,2,2,2,100.0%,24,12.0,0,1,100.0,16,12.0,0.2,2.4,0,LewiMa00
347,Hunter Luepke,DAL,23,RB,9,0,3,2,66.7%,10,5.0,0,1,33.3,12,3.3,0.2,1.1,0,LuepHu00
348,Chris Manhertz,DEN,31,TE,9,3,4,2,50.0%,16,8.0,0,1,50.0,10,4.0,0.2,1.8,0,ManhCh00
349,Anthony McFarland Jr.,PIT,24,RB,2,0,2,2,100.0%,11,5.5,0,1,100.0,6,5.5,1.0,5.5,0,McFaAn00
350,A.T. Perry,NOR,24,WR,3,0,4,2,50.0%,38,19.0,1,2,50.0,23,9.5,0.7,12.7,0,PerrAT00
351,Teagan Quitoriano,HOU,23,TE,7,5,3,2,66.7%,33,16.5,0,2,66.7,22,11.0,0.3,4.7,0,QuitTe00
352,Jalen Reagor,NWE,24,WR,5,1,9,2,22.2%,22,11.0,0,2,22.2,11,2.4,0.4,4.4,0,ReagJa00
353,Ben Sims,GNB,23,TE,9,0,2,2,100.0%,14,7.0,0,2,100.0,12,7.0,0.2,1.6,0,SimsBe00
354,Stone Smartt,LAC,25,TE,9,2,7,2,28.6%,29,14.5,0,1,28.6,24,4.1,0.2,3.2,0,SmarSt00
355,Keith Smith,ATL,31,FB,9,5,2,2,100.0%,27,13.5,0,1,50.0,28,13.5,0.2,3.0,0,SmitKe03
356,Equanimeous St. Brown,CHI,27,WR,3,0,3,2,66.7%,25,12.5,0,1,66.7,21,8.3,0.7,8.3,0,St.BEq00
357,Jack Stoll,PHI,25,TE,9,5,3,2,66.7%,10,5.0,0,0,66.7,6,3.3,0.2,1.1,0,StolJa00
358,Pierre Strong,CLE,25,RB,9,0,3,2,66.7%,34,17.0,0,1,33.3,41,11.3,0.2,3.8,0,StroPi00
359,Malik Taylor,NYJ,28,WR,3,0,4,2,50.0%,13,6.5,0,0,25.0,7,3.3,0.7,4.3,0,TaylMa01
360,Ian Thomas,CAR,27,TE,5,2,4,2,50.0%,36,18.0,0,1,25.0,28,9.0,0.4,7.2,0,ThomIa00
361,Cedric Tillman,CLE,23,WR,6,0,7,2,28.6%,8,4.0,0,1,14.3,5,1.1,0.3,1.3,0,TillCe01
362,Sean Tucker,TAM,22,RB,7,0,2,2,100.0%,9,4.5,0,0,50.0,6,4.5,0.3,1.3,0,TuckSe00
363,Ke'Shawn Vaughn,TAM,26,RB,6,0,5,2,40.0%,2,1.0,0,0,0.0,3,0.4,0.3,0.3,0,VaugKe00
364,David Wells,TAM,28,TE,4,0,2,2,100.0%,-10,-5.0,0,1,50.0,1,-5.0,0.5,-2.5,1,WellDa00
365,Damien Williams,ARI,31,RB,3,0,2,2,100.0%,12,6.0,0,0,50.0,8,6.0,0.7,4.0,0,WillDa05
366,Nick Bawden,NYJ,27,FB,9,2,1,1,100.0%,7,7.0,0,0,100.0,7,7.0,0.1,0.8,0,BawdNi00
367,Tank Bigsby,JAX,22,RB,9,0,4,1,25.0%,6,6.0,0,0,25.0,6,1.5,0.1,0.7,2,BigsTa00
368,Kayshon Boutte,NWE,21,WR,2,0,5,1,20.0%,11,11.0,0,1,20.0,11,2.2,0.5,5.5,0,BoutKa00
369,Lynn Bowden Jr.,NOR,26,WR,8,0,2,1,50.0%,12,12.0,0,0,50.0,12,6.0,0.1,1.5,0,BowdLy00
370,Ben Bredeson,NYG,25,G,9,9,1,1,100.0%,0,0.0,0,0,0.0,0,0.0,0.1,0.0,0,BredBe00
371,Michael Burton,DEN,31,FB,9,1,1,1,100.0%,3,3.0,0,1,100.0,3,3.0,0.1,0.3,0,BurtMi00
372,Robbie Chosen,MIA,30,WR,4,0,2,1,50.0%,68,68.0,1,1,50.0,68,34.0,0.3,17.0,0,AndeRo04
373,Greg Dortch,ARI,25,WR,9,1,2,1,50.0%,2,2.0,0,0,0.0,2,1.0,0.1,0.2,0,DortGr01
374,Payne Durham,TAM,23,TE,5,1,3,1,33.3%,8,8.0,0,1,33.3,8,2.7,0.2,1.6,0,DurhPa00
375,Ross Dwelley,SFO,28,TE,9,0,2,1,50.0%,12,12.0,0,1,50.0,12,6.0,0.1,1.3,0,DwelRo00
376,Chris Evans,CIN,26,RB,8,0,1,1,100.0%,-1,-1.0,0,0,0.0,-1,-1.0,0.1,-0.1,0,EvanCh02
377,Simi Fehoko,LAC,26,WR,5,0,2,1,50.0%,9,9.0,1,1,50.0,9,4.5,0.2,1.8,0,FehoSi00
378,Jake Funk,IND,25,RB,4,0,1,1,100.0%,12,12.0,0,1,100.0,12,12.0,0.3,3.0,0,FunkJa00
379,Reggie Gilliam,BUF,26,FB,10,0,1,1,100.0%,3,3.0,0,0,0.0,3,3.0,0.1,0.3,0,GillRe00
380,Jimmy Graham,NOR,37,TE,7,1,2,1,50.0%,8,8.0,1,1,50.0,8,4.0,0.1,1.1,0,GrahJi00
381,Eric Gray,NYG,24,RB,7,0,1,1,100.0%,1,1.0,0,0,0.0,1,1.0,0.1,0.1,3,GrayEr01
382,Antoine Green,DET,24,WR,8,0,2,1,50.0%,2,2.0,0,0,0.0,2,1.0,0.1,0.3,0,GreeAn00
383,Peyton Hendershot,DAL,24,TE,3,0,2,1,50.0%,3,3.0,0,0,0.0,3,1.5,0.3,1.0,0,HendPe01
384,Justin Herbert,LAC,25,QB,9,9,1,1,100.0%,10,10.0,0,1,100.0,10,10.0,0.1,1.1,2,HerbJu00
385,Elijah Higgins,ARI,23,TE,4,0,2,1,50.0%,0,0.0,0,0,0.0,0,0.0,0.3,0.0,0,HiggEl00
386,Julian Hill,MIA,23,TE,7,0,3,1,33.3%,4,4.0,0,0,33.3,4,1.3,0.1,0.6,0,HillJu02
387,Jesper Horsted,LVR,26,TE,10,0,1,1,100.0%,4,4.0,0,0,100.0,4,4.0,0.1,0.4,0,HorsJe00
388,Evan Hull,IND,23,RB,1,0,1,1,100.0%,6,6.0,0,0,100.0,6,6.0,1.0,6.0,0,HullEv00
389,Xavier Hutchinson,HOU,23,WR,9,0,3,1,33.3%,9,9.0,0,1,33.3,9,3.0,0.1,1.0,0,HutcXa00
390,Richie James,KAN,28,WR,2,0,3,1,33.3%,6,6.0,0,0,33.3,6,2.0,0.5,3.0,1,JameRi00
391,Jakob Johnson,LVR,29,FB,8,3,2,1,50.0%,12,12.0,0,0,50.0,12,6.0,0.1,1.5,0,JohnJa12
392,Charlie Jones,CIN,25,WR,4,0,2,1,50.0%,6,6.0,0,1,50.0,6,3.0,0.3,1.5,0,JoneCh11
393,Keith Kirkwood,NOR,29,WR,7,2,4,1,25.0%,1,1.0,0,0,0.0,1,0.3,0.1,0.1,0,KirkKe00
394,Zonovan Knight,DET,22,RB,2,0,1,1,100.0%,8,8.0,0,0,100.0,8,8.0,0.5,4.0,0,KnigZo00
395,Charlie Kolar,BAL,24,TE,9,0,2,1,50.0%,13,13.0,0,1,50.0,13,6.5,0.1,1.4,0,KolaCh00
396,Kwamie Lassiter II,CIN,25,WR,1,0,1,1,100.0%,2,2.0,0,0,0.0,2,2.0,1.0,2.0,0,LassKw00
397,Jordan Mason,SFO,24,RB,9,0,2,1,50.0%,13,13.0,0,1,50.0,13,6.5,0.1,1.4,0,MasoJo00
398,Quintin Morris,BUF,24,TE,8,0,1,1,100.0%,15,15.0,1,1,100.0,15,15.0,0.1,1.9,0,MorrQu00
399,Jalen Nailor,MIN,24,WR,3,1,1,1,100.0%,16,16.0,0,1,100.0,16,16.0,0.3,5.3,0,NailJa00
400,Gunner Olszewski,2TM,27,,5,0,1,1,100.0%,0,0.0,0,0,0.0,0,0.0,0.2,0.0,3,OlszGu00
401,Devine Ozigbo,DET,27,RB,3,0,1,1,100.0%,8,8.0,0,0,100.0,8,8.0,0.3,2.7,0,OzigDe01
402,Rashaad Penny,PHI,27,RB,2,0,1,1,100.0%,5,5.0,0,0,100.0,5,5.0,0.5,2.5,0,PennRa00
403,Adam Prentice,NOR,26,FB,6,1,2,1,50.0%,5,5.0,0,0,50.0,5,2.5,0.2,0.8,1,PrenAd00
404,Giovanni Ricci,CAR,27,TE,5,0,1,1,100.0%,2,2.0,0,0,0.0,2,2.0,0.2,0.4,0,RiccGi00
405,Desmond Ridder,ATL,24,QB,9,8,1,1,100.0%,-6,-6.0,0,0,0.0,-6,-6.0,0.1,-0.7,7,RiddDe00
406,Demarcus Robinson,LAR,29,WR,8,0,1,1,100.0%,15,15.0,0,1,100.0,15,15.0,0.1,1.9,0,RobiDe01
407,Trey Sermon,IND,24,RB,8,0,3,1,33.3%,4,4.0,0,0,0.0,4,1.3,0.1,0.5,0,SermTr00
408,Donovan Smith,KAN,30,T,9,9,1,1,100.0%,0,0.0,0,0,0.0,0,0.0,0.1,0.0,0,SmitDo02
409,Geno Smith,SEA,33,QB,9,9,1,1,100.0%,-2,-2.0,0,0,0.0,-2,-2.0,0.1,-0.2,3,SmitGe00
410,Willie Snead,SFO,31,WR,3,0,1,1,100.0%,9,9.0,0,0,100.0,9,9.0,0.3,3.0,0,SneaWi00
411,Mike Strachan,CAR,26,WR,1,0,2,1,50.0%,45,45.0,0,1,50.0,45,22.5,1.0,45.0,0,StraMi03
412,C.J. Stroud,HOU,22,QB,9,9,1,1,100.0%,0,0.0,0,0,0.0,0,0.0,0.1,0.0,6,StroCJ00
413,Cody Thompson,SEA,27,WR,6,0,1,1,100.0%,10,10.0,0,0,0.0,10,10.0,0.2,1.7,0,ThomCo04
414,Austin Trammell,LAR,25,WR,8,0,1,1,100.0%,6,6.0,0,0,0.0,6,6.0,0.1,0.8,1,TramAu00
415,Trevon Wesco,TEN,28,TE,9,7,2,1,50.0%,21,21.0,0,1,50.0,21,10.5,0.1,2.3,0,WescTr00
416,Damiere Byrd,ATL,30,WR,1,0,2,0,0.0%,0,,0,0,0.0,0,0.0,0.0,0.0,0,ByrdDa00
417,Phillip Dorsett,DEN,30,WR,1,0,1,0,0.0%,0,,0,0,0.0,0,0.0,0.0,0.0,0,DorsPh00
418,Colton Dowell,TEN,24,WR,3,0,1,0,0.0%,0,,0,0,0.0,0,0.0,0.0,0.0,0,DoweCo00
419,Erik Ezukanma,MIA,23,WR,2,0,1,0,0.0%,0,,0,0,0.0,0,0.0,0.0,0.0,0,EzukEr00
420,Royce Freeman,LAR,27,RB,6,0,1,0,0.0%,0,,0,0,0.0,0,0.0,0.0,0.0,0,FreeRo00
421,Jamycal Hasty,JAX,27,RB,3,0,2,0,0.0%,0,,0,0,0.0,0,0.0,0.0,0.0,0,HastJa02
422,Malik Heath,GNB,23,WR,5,1,5,0,0.0%,0,,0,0,0.0,0,0.0,0.0,0.0,0,HeatMa00
423,Travis Homer,CHI,25,RB,9,0,1,0,0.0%,0,,0,0,0.0,0,0.0,0.0,0.0,0,HomeTr00
424,Shedrick Jackson,CIN,24,WR,2,0,1,0,0.0%,0,,0,0,0.0,0,0.0,0.0,0.0,0,JackSh01
425,Ko Kieft,TAM,25,TE,9,5,3,0,0.0%,0,,0,0,0.0,0,0.0,0.0,0.0,0,KiefKo00
426,Lucas Krull,DEN,25,TE,1,0,1,0,0.0%,0,,0,0,0.0,0,0.0,0.0,0.0,0,KrulLu00
427,Sean McKeon,DAL,26,TE,6,0,2,0,0.0%,0,,0,0,0.0,0,0.0,0.0,0.0,0,McKeSe01
428,La'Mical Perine,KAN,25,RB,1,0,1,0,0.0%,0,,0,0,0.0,0,0.0,0.0,0.0,0,PeriLa00
429,James Proche,CLE,27,WR,2,0,1,0,0.0%,0,,0,0,0.0,0,0.0,0.0,0.0,1,ProcJa00
430,Amari Rodgers,IND,24,WR,3,0,2,0,0.0%,0,,0,0,0.0,0,0.0,0.0,0.0,0,RodgAm00
431,Trent Taylor,CHI,29,WR,10,0,1,0,0.0%,0,,0,0,0.0,0,0.0,0.0,0.0,0,TaylTr02
432,Rodney Williams,PIT,25,TE,5,0,2,0,0.0%,0,,0,0,0.0,0,0.0,0.0,0.0,0,WillRo08
433,Juwann Winfree,IND,27,WR,7,1,1,0,0.0%,0,,0,0,0.0,0,0.0,0.0,0.0,0,WinfJu00